{"mean": [0.3055119812488556, 0.3361663520336151, 0.25226953625679016], "std": [0.12075276672840118, 0.10814128816127777, 0.10266433656215668]}