{"mean": [0.3074219524860382, 0.33807921409606934, 0.2531156837940216], "std": [0.1257348358631134, 0.1113758459687233, 0.10458964854478836]}