{"mean": [0.30692344903945923, 0.33792516589164734, 0.25300565361976624], "std": [0.11994112282991409, 0.10580477118492126, 0.1001543328166008]}