{"mean": [0.3047824501991272, 0.336587131023407, 0.2517954707145691], "std": [0.11718715727329254, 0.10339520871639252, 0.09869235008955002]}