{"mean": [0.3069852888584137, 0.3377997577190399, 0.25361937284469604], "std": [0.12145249545574188, 0.10722391307353973, 0.10134997963905334]}