{"mean": [0.3074064254760742, 0.33804184198379517, 0.2531982660293579], "std": [0.12219946831464767, 0.10732942819595337, 0.10122266411781311]}