{"mean": [0.30433881282806396, 0.33543598651885986, 0.25153589248657227], "std": [0.12505197525024414, 0.11175991594791412, 0.10505149513483047]}