{"mean": [0.30751731991767883, 0.3376586437225342, 0.2531806528568268], "std": [0.12378565222024918, 0.11049877852201462, 0.1039738580584526]}